Analysis Type,Variable,Sample Size,Estimate,Benchmark,CI Lower,CI Upper,Test Statistic,p-value,Decision
Proportion,CurrentCigaretteUse,13323,0.1943256023418149,0.2,0.18760679992328702,0.20104440476034277,-1.637422637406872,0.10154219139871867,Fail to reject H0
Mean,BMIPCT,13062,64.82068317411306,65.0,64.34874975076964,65.29261659745647,-0.7447810972514642,0.45641746445843656,Fail to reject H0
